City,Metric,Forecast
Ahmedabad,PM2.5,"[38.92738220925878, 41.22912879668914, 38.60784101082712, 38.03097584228617, 38.60224827339694, 38.4025428269509, 38.66061988652722]"
Ahmedabad,PM10,"[105.85198922740686, 104.29593792394363, 114.0754335288184, 111.32820808190168, 109.25763310493444, 105.90112411825017, 106.91573556679917]"
Ahmedabad,NO,"[5.525115620351423, 6.209320790982562, 6.3716205157737384, 6.222589113392681, 6.027684537832358, 5.993634389164735, 6.058157690727147]"
Ahmedabad,NO2,"[40.23034119769418, 37.528459627717055, 37.47327504083804, 39.48703401741432, 39.07099718403153, 39.063960331672504, 38.84286037851543]"
Ahmedabad,NOx,"[20.06685938226928, 19.83868715170943, 20.544160510886517, 21.435164406440826, 22.010032210593263, 21.540987817560065, 21.234059151474774]"
Ahmedabad,CO,"[0.36144000779187774, 0.44414727225548023, 0.47910831964989586, 0.4730737714298728, 0.4503456016601294, 0.4405553638961033, 0.4456206863478498]"
Ahmedabad,SO2,"[13.964622447755056, 13.827907913418057, 13.442721733166746, 13.694177908354042, 13.941639052123723, 13.92166554145988, 13.910677393675009]"
Ahmedabad,O3,"[20.401199190519115, 23.15316750936817, 24.28796568014253, 25.927680078835646, 24.145109243494954, 23.411658200119717, 23.4793070225486]"
Ahmedabad,Benzene,"[1.5806339633531843, 1.5003824537842365, 1.4763929492301708, 1.4865188928142377, 1.5197482793888892, 1.5230323033751283, 1.5124657676392934]"
Ahmedabad,Toluene,"[45.31681945836948, 47.43976910169312, 49.37174338383868, 47.133067257455735, 47.50886912471423, 47.139029264773576, 47.460029990848135]"
Ahmedabad,Xylene,"[1.7280874829989235, 1.517981589352903, 1.376344039656071, 1.4366570008669213, 1.552529030396957, 1.579635194838857, 1.5400289868835049]"
Ahmedabad,AQI,"[110.01888840620408, 103.24294485490661, 100.25938551985442, 98.5939239834927, 100.49117796407283, 103.31313219921992, 103.64876357509358]"
Aizawl,PM2.5,"[3.4801326971158693, 2.6649963517646276, 2.408778197921815, 3.050882070278901, 3.236264455724776, 3.0658017518544676, 2.853914485307363]"
Aizawl,PM10,"[4.687416484017883, 4.92479187984091, 6.48762995135656, 6.697602259333425, 6.027900609769336, 5.70214783842662, 5.735228549396007]"
Aizawl,NO,"[11.625421030586898, 11.6411173926494, 11.634197421525485, 11.60690693790365, 11.607225051588442, 11.619218267340294, 11.615562762989944]"
Aizawl,NO2,"[0.092521160719967, 0.06234689661536329, 0.08271550049639682, 0.09534775757670144, 0.07997175653137789, 0.09144674090564717, 0.08154743149558696]"
Aizawl,NOx,"[15.339431838639959, 15.365571035365198, 15.337492215848977, 15.299418344115855, 15.29580037972747, 15.314331146149359, 15.306774617400198]"
Aizawl,NH3,"[19.15916100466951, 20.85219814659148, 22.67894249795095, 22.512882686595024, 21.847277195939792, 21.509193656500614, 21.645695389994348]"
Aizawl,CO,"[0.021142993121053152, 0.05663835397346389, 0.05850958652820052, 0.045591657475342766, 0.0474633491449346, 0.05160593895625907, 0.049815984327281765]"
Aizawl,SO2,"[1.991689736298552, 2.0941310934709785, 2.316297984766798, 2.4025258161218384, 2.3601344901349393, 2.328147252684778, 2.3617367490908596]"
Aizawl,O3,"[2.3414040314197337, 1.898077955448214, 2.0945070639883783, 1.9354639054640148, 2.3084810052850253, 2.2230194053298713, 2.0685243031978886]"
Aizawl,Benzene,"[5.587099221448044, 5.2353182238370515, 4.637939928192688, 4.4582564739059, 4.693780411680706, 4.812085134123823, 4.722761608505131]"
Aizawl,Toluene,"[9.551592490629398, 9.304546667102793, 8.899081670804287, 8.777283193601216, 8.93576437260909, 9.024541093789509, 8.95889743653409]"
Aizawl,Xylene,"[0.10016768927141452, 0.08476084260044231, 0.06941922533843285, 0.05417649436801779, 0.03894961387872043, 0.023749972657123187, 0.008658923083314833]"
Aizawl,AQI,"[19.793497494065374, 19.835238780183897, 19.905563632059856, 19.930692890181646, 19.888738558173593, 19.868627405703304, 19.88157453099259]"
Amaravati,PM2.5,"[20.828674489979026, 20.3696629515698, 19.938555062917874, 20.100948870808605, 20.177947953265424, 20.359567620049408, 20.38627556862182]"
Amaravati,PM10,"[32.770604652819245, 32.05433482161377, 31.886536162258302, 31.980259493168358, 32.24427223789959, 32.380563734957505, 32.403236565960476]"
Amaravati,NO,"[1.5366871510363833, 1.554590559285518, 1.5791323257251515, 1.5833299287314404, 1.5692171490528928, 1.563880008381067, 1.5662370284697347]"
Amaravati,NO2,"[9.267596025222996, 9.059323665882353, 9.072084839116895, 9.125090084957753, 9.282492274798711, 9.321889736418637, 9.302436487379575]"
Amaravati,NOx,"[6.172406439930952, 6.138312977798993, 6.2102856144161755, 6.261458764494913, 6.309321070854527, 6.293594605684307, 6.270951111017205]"
Amaravati,NH3,"[9.66454234269866, 9.782586040052895, 9.894131859814658, 10.293361780723403, 10.104291435304642, 10.04577592265586, 10.055106320254913]"
Amaravati,CO,"[0.610816030755102, 0.6117008142194642, 0.6181101720241762, 0.6182477928819413, 0.6201662139699431, 0.6160279631840474, 0.6166954800239697]"
Amaravati,SO2,"[12.312023888938471, 12.59512357895681, 12.68399481446764, 13.021752299496685, 12.895271680589737, 12.50924896333226, 12.551737580414324]"
Amaravati,O3,"[31.42833067334724, 32.64228949893858, 34.965218715798194, 35.76427167983461, 34.467190208028235, 34.052705399166655, 33.9480789672]"
Amaravati,Benzene,"[0.1131207573369016, 0.10470848879956558, 0.08896507979257826, 0.09178043976302618, 0.09272528587389332, 0.08533694938970861, 0.08933422892308586]"
Amaravati,Toluene,"[0.5280147765276904, 0.5199561445244212, 0.6266018971716621, 0.6989742751546552, 0.6084770169330647, 0.604116616805685, 0.5993371126353569]"
Amaravati,Xylene,"[0.1874515105637292, 0.18416082475373213, 0.18879622438986432, 0.1901836433511391, 0.1901633949644201, 0.1899101487966922, 0.19005290846852746]"
Amaravati,AQI,"[51.805234343308726, 51.39113824331614, 51.72985569478757, 52.3980947523644, 52.80809906337795, 52.80104696560917, 52.66919201027588]"
Amritsar,PM2.5,"[56.56957459276187, 60.15321457258672, 56.39098450929397, 51.79872798240724, 51.01123435508829, 50.75324418758382, 51.77335211689928]"
Amritsar,PM10,"[104.16220238420445, 98.62388848480171, 86.99807554754241, 83.74683055052925, 84.59766141344352, 88.53534645368148, 90.99020364613031]"
Amritsar,NO,"[30.006060812744195, 28.909680540513257, 28.444569623345494, 28.61332611361479, 28.18101512397685, 28.705683769477083, 28.75753533960427]"
Amritsar,NO2,"[16.60692852262483, 17.167767395974685, 17.160276836215456, 17.09166665458271, 16.77063083763494, 16.700782555051347, 16.81198108192329]"
Amritsar,NOx,"[30.065948600869575, 30.988422262911655, 30.613190701653075, 30.91672713851891, 30.740871368991968, 30.732881654327713, 30.660798341458563]"
Amritsar,NH3,"[16.628184263562986, 16.37740670982343, 15.561330230634306, 15.766210819015972, 15.335807731669759, 15.7982038131968, 15.862805297820596]"
Amritsar,CO,"[0.6139962904449957, 0.618834870404626, 0.6216342460509559, 0.6301118513388844, 0.6315396078329546, 0.626231132136567, 0.6253439232445962]"
Amritsar,SO2,"[4.073330333045873, 4.404398117460291, 4.553242242084484, 4.309873512761022, 4.258907900280923, 4.217961524794528, 4.2936478981767205]"
Amritsar,O3,"[16.48, 16.48, 16.48, 16.48, 16.48, 16.48, 16.48]"
Amritsar,Benzene,"[1.2960464055428988, 1.283395561196326, 1.2803831291478125, 1.2837858083253297, 1.2859078453770032, 1.2874794564603813, 1.2872303814070027]"
Amritsar,Toluene,"[1.092690042972957, 1.090567353948204, 1.0866432158402746, 1.0902425652956274, 1.0906021768457324, 1.0907447561738675, 1.0905522669748353]"
Amritsar,Xylene,"[8.771458173880589, 8.734091190102687, 8.673895462331998, 8.703305742650029, 8.713886880209822, 8.720589373463914, 8.722159680848046]"
Amritsar,AQI,"[79.2129564628655, 76.02959147839442, 76.02678399804718, 72.5592874831764, 71.5854743642809, 72.93796803870046, 74.26435046910365]"
Bengaluru,PM2.5,"[17.86082603772192, 18.357856675521052, 17.89939626634447, 19.567580735462677, 18.534949763521393, 18.439346721753306, 18.379672116004322]"
Bengaluru,PM10,"[29.407377720377767, 29.323702006706178, 28.91753026622391, 29.17872892285069, 28.278354480159624, 28.763197775338238, 28.8245478609251]"
Bengaluru,NO,"[3.8787283683551514, 3.7370186724080416, 3.6551258287037176, 3.7153235384663454, 3.8716976043924327, 3.8610688370227795, 3.835900663525763]"
Bengaluru,NO2,"[13.206276618818112, 13.028073257158605, 12.642723782322985, 12.621714246997314, 12.717435301924349, 12.82444724739371, 12.865235571517518]"
Bengaluru,NOx,"[14.569915876779236, 14.048752279529126, 13.557908247850948, 13.649075001723741, 13.96517915418544, 14.117240827537088, 14.137415722769553]"
Bengaluru,NH3,"[7.277466858650145, 7.19465044785657, 7.121528070585144, 7.092714397865296, 7.111672912810974, 7.145391533065562, 7.153391493841048]"
Bengaluru,CO,"[0.562309689922362, 0.5856302488743544, 0.5892196656083383, 0.577931940413537, 0.5758112026638489, 0.5704310137344418, 0.5708900410914518]"
Bengaluru,SO2,"[6.737083334150424, 6.763206251218212, 6.719352425801411, 6.672305097197681, 6.659705762835831, 6.6670066480633, 6.678094136249781]"
Bengaluru,O3,"[16.016605521644735, 15.98356764842497, 16.277933458993093, 16.32899678174935, 16.2573123861294, 16.133514505508774, 16.11902843143471]"
Bengaluru,Benzene,"[0.29376029668044557, 0.30247315245128753, 0.3163341427984482, 0.3273915511742047, 0.34579996156755194, 0.35708003614837214, 0.3649281463575197]"
Bengaluru,Toluene,"[0.706295002217293, 0.6685771633217938, 0.782898891943328, 0.8251998889621972, 0.8430011634251628, 0.831874009777361, 0.8032896684998134]"
Bengaluru,Xylene,"[174.37204664824594, 174.4781467333134, 174.58424472963304, 174.690340637246, 174.7964344561934, 174.90252618651633, 175.00861582825593]"
Bengaluru,AQI,"[49.97661391183631, 52.40491842977438, 54.39373404910126, 54.80606318656527, 54.42651185935645, 52.594276818977534, 52.71195917550014]"
Bhopal,PM2.5,"[14.411803032653966, 13.85005188640261, 13.834559052675491, 14.06427828086571, 14.142948297490967, 14.089260747312936, 14.120041166531152]"
Bhopal,PM10,"[31.240512821389935, 32.491569025394256, 32.5778082216361, 34.00843900063182, 35.84786599162826, 34.86836138019846, 34.19856376803038]"
Bhopal,NO,"[1.6594220688837678, 1.7357904346873498, 1.734979527040071, 1.7208496412983787, 1.7297136589005626, 1.611701203732798, 1.661879310926602]"
Bhopal,NO2,"[6.044369202169242, 6.227924877957858, 6.270066840655175, 6.812322243993671, 6.821148556817056, 6.574285642585697, 6.500477641066003]"
Bhopal,NOx,"[4.881629940620023, 4.984752783295484, 5.011783539890914, 5.239020596182204, 5.254965886209302, 4.97181849470954, 4.9921695308720855]"
Bhopal,NH3,"[9.364049255774205, 9.784286629793172, 9.937758237312137, 10.259965375858837, 10.528258717271099, 10.149048025486623, 10.065884237998938]"
Bhopal,CO,"[0.4138999170390251, 0.4085206374308074, 0.421063682753081, 0.43249466583516105, 0.4265481839080637, 0.41803039410586984, 0.41700919918839213]"
Bhopal,SO2,"[12.615433530483784, 12.3388034939023, 12.489252569225744, 12.593987297096488, 12.564169664470043, 12.550851150330551, 12.546272324956393]"
Bhopal,O3,"[47.38598147886705, 48.0062168628678, 48.187730413633915, 48.271438205773926, 48.40818867345638, 48.36377536090625, 48.2395017952202]"
Bhopal,Benzene,"[0.0009310305685730115, 0.000931027443779641, 0.0009310251042999951, 0.0009310235473888517, 0.0009310227703009843, 0.0009310227702911616, 0.0009310227702846299]"
Bhopal,Toluene,"[0.5746905524957695, 0.5746905514975735, 0.5746905507502404, 0.5746905502528941, 0.5746905500046575, 0.574690550004654, 0.5746905500046516]"
Bhopal,Xylene,"[5.503247370424594, 5.501805445882885, 5.500363369954775, 5.498921454033499, 5.497480011823302, 5.496038755685336, 5.494597387281942]"
Bhopal,AQI,"[67.42435447754946, 65.88372620392515, 63.966189787198886, 62.31177827426574, 62.145214218428805, 63.63490662620882, 64.38913010810379]"
Brajrajnagar,PM2.5,"[17.603239543170286, 18.78341603397334, 19.222887587603974, 19.498463082253224, 19.257344911249483, 18.90389088966192, 18.80229719197595]"
Brajrajnagar,PM10,"[83.57877155288394, 82.68059398656926, 82.35601302390988, 82.1047619039639, 82.22321280229228, 82.42999316972346, 82.48951302247275]"
Brajrajnagar,NO,"[7.147810989806921, 6.950686392035648, 6.973616873430884, 6.985146560498225, 6.984940585903407, 6.989777301445187, 6.988876590197316]"
Brajrajnagar,NO2,"[4.048078289039363, 4.014712601717692, 4.006911129663934, 3.9982784492152197, 4.000971458500357, 4.008773984894218, 4.009529329353899]"
Brajrajnagar,NOx,"[10.395604468061105, 9.880271922044088, 9.648890478963459, 9.35951350744195, 9.33822445480864, 9.605473145080138, 9.721924032992925]"
Brajrajnagar,NH3,"[6.803389477293509, 7.6492801956456375, 7.690011874132027, 7.438478655082129, 7.469416612384055, 7.295128346449618, 7.323209485129808]"
Brajrajnagar,CO,"[0.5163876996095643, 0.5069806764259167, 0.5084067736899445, 0.5087756564853686, 0.5097367970889117, 0.511141575254523, 0.5107899790369022]"
Brajrajnagar,SO2,"[9.449412027848682, 9.375123463938722, 9.371113042178742, 9.336051888039645, 9.352479915145604, 9.367426452671184, 9.364421938421328]"
Brajrajnagar,O3,"[37.05304234129245, 35.7347065184369, 35.27630298605714, 35.13857792043606, 35.92752693905513, 36.80497854597892, 36.59335318674606]"
Brajrajnagar,Benzene,"[1.9120536834253887, 1.5436121966320617, 1.6530796540409098, 1.835948630037386, 1.8492322386319255, 2.057250419756974, 1.995518969574859]"
Brajrajnagar,Toluene,"[0.3302605849687207, 0.3302605838888648, 0.33026058307940526, 0.3302605825400531, 0.33026058227051935, 0.33026058227051514, 0.33026058227051236]"
Brajrajnagar,Xylene,"[4.150000206311941, 4.148557578829665, 4.147115024423358, 4.145672462643763, 4.144230075673317, 4.142787573867575, 4.141345130249227]"
Brajrajnagar,AQI,"[90.76692872882923, 90.30133843257947, 90.1435057819944, 90.09258013817637, 90.2763668120394, 90.44091364512818, 90.45845099790128]"
Chandigarh,PM2.5,"[36.20869904200851, 33.468659987538025, 34.96463798014215, 36.49767947900632, 33.60630472249215, 33.07572414371884, 33.9587967731578]"
Chandigarh,PM10,"[77.38959746652235, 73.2983118357128, 72.7144708841617, 77.16320291456455, 71.67824595229106, 70.86253520347337, 72.60923222198893]"
Chandigarh,NO,"[0.6553206016941192, 0.7494887280652148, 0.7466744797260153, 0.7935897682547663, 0.8060084749175184, 0.7602600807648002, 0.7446209801449079]"
Chandigarh,NO2,"[9.436545594690656, 8.921234656606716, 8.774835683911496, 8.248630131356668, 8.355026672859946, 8.647327691405884, 8.805657846819438]"
Chandigarh,NOx,"[5.782764680745694, 5.322585960840892, 5.156225913316688, 5.236790168553439, 5.1519431432864025, 5.287405239030156, 5.387762005681757]"
Chandigarh,NH3,"[37.51556720567734, 41.20637474042752, 39.95327501207604, 40.27734837957554, 41.644090057515825, 41.47438130464273, 40.66239363769917]"
Chandigarh,CO,"[0.3261482322439999, 0.3136062993661633, 0.3083005463947594, 0.3088368101312871, 0.3089643292142094, 0.3136427939704254, 0.3162963936449679]"
Chandigarh,SO2,"[13.719056729509614, 12.974000414937999, 13.271420228921787, 13.718042225672619, 13.447150668114435, 13.569948309406843, 13.544682550008208]"
Chandigarh,O3,"[36.9573040706633, 36.9599753260347, 38.588994763837285, 37.576627012253724, 37.430692218471584, 36.84406410148339, 37.188489549329866]"
Chandigarh,Benzene,"[3.7479493545677043, 3.41443920133641, 3.3206748834712605, 3.4534993689548013, 3.29493767446095, 3.272188695134332, 3.4057334627351596]"
Chandigarh,Toluene,"[2.431837068504603, 1.800940065907865, 2.334486568968032, 2.4065595165567517, 2.5619399661153457, 2.2147167451901613, 2.3158117384314716]"
Chandigarh,Xylene,"[0.5474021793485084, 0.6965146222009222, 0.7659226718668146, 0.7773396590970301, 0.8384113429485968, 0.733029283889084, 0.6995060808804058]"
Chandigarh,AQI,"[65.47701519954735, 66.9428992021458, 67.69607638737966, 70.80952383505341, 71.40481898979807, 70.73993473441523, 69.9130725642852]"
Chennai,PM2.5,"[20.33334585888337, 21.057643708804044, 21.07211634793233, 20.993635355960382, 20.857010957475573, 20.374458487257645, 20.62588415458919]"
Chennai,PM10,"[17.79126522652155, 20.507361654820055, 23.03284149619952, 19.711330785147137, 21.853786403767057, 19.408490417556823, 19.86860550488653]"
Chennai,NO,"[7.027060703774978, 7.072376384746449, 7.214642477913502, 7.259841619840846, 7.319308504464291, 7.111771123466982, 7.157267044936761]"
Chennai,NO2,"[9.981306152617773, 10.816566895440562, 10.853127911306375, 10.429190111845331, 10.746767119271055, 10.803082011814707, 10.619300473619463]"
Chennai,NOx,"[16.845228880871733, 17.495786794889156, 17.200318263661877, 17.28336602605894, 17.503262355227633, 17.315283315135076, 17.298658794578014]"
Chennai,NH3,"[33.89639584621068, 34.11313103741653, 34.082361124553884, 34.01124191736539, 33.94436883528561, 33.974809161935916, 34.00359152705975]"
Chennai,CO,"[1.0235716609798078, 1.0271540682240912, 0.9991195575414406, 1.0048748786371342, 1.0127703200833, 1.01054576929622, 1.0113617610329675]"
Chennai,SO2,"[8.176395198460447, 7.7488607255453985, 7.766464532894379, 7.826010118775424, 7.934218502813797, 8.014364857724482, 7.956855171301713]"
Chennai,O3,"[53.008848261285245, 56.732532245514555, 58.70316712986125, 58.80202439779843, 58.56846598034899, 57.42570959336171, 57.19365016773533]"
Chennai,Benzene,"[0.11181262066785624, 0.11081186692105706, 0.11161060415451678, 0.10971965636559765, 0.11129104734226146, 0.11062616829974489, 0.11077149893941866]"
Chennai,Toluene,"[-0.03660430516393614, -0.03865028913144547, 0.005416474069574066, 0.007730301445423974, 0.02451198694535793, 0.016226220951136162, 0.008841218228663496]"
Chennai,Xylene,"[8.328861987394998, 8.332778400795247, 8.336689923612417, 8.340603507020202, 8.344517089775676, 8.34842901125348, 8.352341509738888]"
Chennai,AQI,"[93.67958722054405, 95.30371934209862, 96.43307594043064, 97.69944992128667, 97.96750295740364, 97.00278494734417, 96.65385732385339]"
Coimbatore,PM2.5,"[120.49065408785034, 78.43531008856237, 63.86401981054971, 69.42189965856006, 56.0941993046159, 80.09647471849539, 89.30135899227132]"
Coimbatore,PM10,"[173.42208080416864, 125.08704452457202, 102.51532418792759, 107.5265622320306, 92.32028063649396, 149.923505884905, 144.0354816223905]"
Coimbatore,NO,"[67.74763442333665, 67.28844401163485, 67.19970184023808, 67.23346725476644, 67.25347086328841, 67.2727554745059, 67.27977761939017]"
Coimbatore,NO2,"[48.15591738567948, 47.66750933866833, 46.646302100446576, 46.851433864216325, 46.18089410219227, 46.11565192986714, 46.35009140697477]"
Coimbatore,NOx,"[29.473411059372193, 28.902569918152146, 28.525817375024566, 28.470808464224234, 27.855302503875755, 27.80916033940849, 28.002486285688327]"
Coimbatore,NH3,"[19.276929762708566, 18.156927997417938, 16.885616027566382, 16.024177068508283, 13.822493805258285, 13.631821972114635, 14.069389076334504]"
Coimbatore,CO,"[0.5679450541189405, 0.5696743000824089, 0.5725149147168328, 0.5736072854626182, 0.5732657137088623, 0.5728159170895258, 0.5726130693689373]"
Coimbatore,SO2,"[5.808381554256529, 5.7780516142430445, 5.766329643297725, 5.784511756576515, 5.778894756653012, 5.775731923464724, 5.777959176797196]"
Coimbatore,O3,"[11.054388714079748, 11.186455888747966, 11.484977802110679, 11.364024727437636, 11.512421106459374, 11.383349967550055, 11.366024942087314]"
Coimbatore,Benzene,"[1.236584977164575e-91, -4.492756751144757e-92, -1.976660704561529e-92, -1.9709811031390656e-93, 8.15640811741069e-93, -1.086671680211598e-92, 7.976298895424122e-94]"
Coimbatore,Toluene,"[-1.8288576775770627e-87, -1.4509741667502255e-87, -1.2069402783207516e-87, -1.2635792120421262e-87, -8.758677607549202e-88, -1.0970865521317544e-87, -1.1662289620382462e-87]"
Coimbatore,Xylene,"[9.839998999422535, 9.843913008049228, 9.847827013604276, 9.8517408044288, 9.85565455170382, 9.859567474587065, 9.863480605455495]"
Coimbatore,AQI,"[222.46085725011946, 176.2383714803408, 152.0501138443867, 125.85412363997163, 118.05662530769635, 143.6251555331474, 158.04605998975035]"
Delhi,PM2.5,"[54.10879692427666, 50.57673398133601, 50.80958605529884, 50.70061761845028, 50.06981253012734, 50.52299772054405, 50.892304778147604]"
Delhi,PM10,"[142.35621357252282, 143.18533967348478, 160.2495092632246, 161.40147109415747, 150.45120617095537, 147.38277606715175, 148.27231573289924]"
Delhi,NO,"[7.96330838672581, 8.679064044369001, 9.03415986366532, 8.872266043255213, 8.214750659910917, 7.9709551530741205, 8.148196174160736]"
Delhi,NO2,"[21.679091645244817, 21.171823271225687, 21.246105172111083, 20.92695319086594, 20.7475038566642, 20.9228597345413, 21.01383460490418]"
Delhi,NOx,"[18.826416310720408, 19.26510764174366, 19.541182139285155, 19.341888147560038, 18.71665455979249, 18.60871511128302, 18.800490178970385]"
Delhi,NH3,"[29.510624377410238, 29.68954475795415, 29.555026408901522, 29.336681722936635, 29.239762979648287, 29.239857628504556, 29.290234336895598]"
Delhi,CO,"[0.9489403099736989, 0.8952917890812981, 0.9216808375457163, 0.9392817210227389, 0.9116881295643515, 0.9162157647216533, 0.9302839154474998]"
Delhi,SO2,"[10.9490097705377, 10.995979350329094, 10.976235346633908, 10.988485114097239, 10.966911549277915, 10.982845801963224, 10.97890136905972]"
Delhi,O3,"[28.33979517416743, 28.512176356025204, 28.19676090367874, 29.19452511719361, 29.28783094513115, 29.01640902695211, 28.991738799984013]"
Delhi,Benzene,"[1.9849941589881523, 1.9362051552953221, 1.9018591789526287, 1.9173023025108917, 1.8922644539556044, 1.916546464457201, 1.9236330364777547]"
Delhi,Toluene,"[24.492256264770845, 22.83456323602393, 23.105988995227644, 22.94718707797172, 22.144932565935147, 22.50670775023722, 22.893578606958805]"
Delhi,Xylene,"[0.7572708146845051, 0.7588998606001612, 0.8509980330881003, 0.8299075448835933, 0.7718086870650288, 0.7720510477596007, 0.7819955668319838]"
Delhi,AQI,"[117.59998711091167, 122.82119347991275, 128.62477623102376, 140.75240592666358, 137.28207188910733, 130.79409666551487, 129.0943869754855]"
Ernakulam,PM2.5,"[7.904381953144009, 7.202009567445645, 8.171558475607636, 9.359323617525181, 8.744370194824727, 8.727301828947441, 8.349388156558502]"
Ernakulam,PM10,"[19.293212143937957, 19.29230258641913, 20.01371346455212, 22.87370928033577, 20.45849905644273, 20.42581890080505, 20.218603427762417]"
Ernakulam,NO,"[2.899657424116411, 3.1957509150840795, 3.2459936764261546, 3.1685183097787473, 3.083167542902978, 3.0917591810301674, 3.1117013738553316]"
Ernakulam,NO2,"[2.4809265346836824, 2.5657494457706123, 2.549745629176169, 2.493423291882381, 2.4640975239828316, 2.432520315562496, 2.39469054435219]"
Ernakulam,NOx,"[1.864976186084961, 2.017079619697, 2.028216654983825, 1.9612329431699407, 1.91794932627137, 1.9329468796601281, 1.944737475155839]"
Ernakulam,NH3,"[2.319983524101789, 2.9035571772297626, 3.049188733005292, 2.770503634193437, 2.580973437813857, 2.617629052752459, 2.702428232708762]"
Ernakulam,CO,"[2.17728053277932, 2.2257882669877107, 2.215383573086641, 2.2487876377720877, 2.2597874721369378, 2.2285981066326586, 2.225371707859876]"
Ernakulam,SO2,"[2.6880949826449205, 2.6962133551278167, 2.6868288236786757, 2.6978177769226446, 2.68953211485689, 2.6974206222033272, 2.6928076751920056]"
Ernakulam,O3,"[5.960284821921579, 5.8148006680232065, 5.669381964629718, 5.524044251417177, 5.378803216044202, 5.233681630903992, 5.088644198734694]"
Ernakulam,Benzene,"[0.054291953282421784, 0.1102400300445414, 0.1088081443048869, 0.10894042803734887, 0.09083054407769989, 0.08255002787330412, 0.08093223177967729]"
Ernakulam,Toluene,"[0.2204189364569106, 0.323301365407422, 0.3435158393282603, 0.3086160913103808, 0.2754947400665181, 0.2511384486441674, 0.2607259781133628]"
Ernakulam,Xylene,"[0.00905348686181122, 0.03036127125258211, 0.015612838028331967, 0.019857897260104136, 0.01356491177105032, 0.012733990060359551, 0.013483554509761008]"
Ernakulam,AQI,"[110.90671768344248, 110.36576214532892, 110.13394331880366, 110.00331422142456, 109.83034907023341, 109.92287788350814, 110.03766973166805]"
Gurugram,PM2.5,"[58.41355580476791, 56.93413813244598, 56.637262705925366, 55.08609088509718, 54.890380733318295, 56.281377876303516, 56.479731647133306]"
Gurugram,PM10,"[174.64118682703938, 164.9564660622164, 174.9870263818199, 174.15706498830883, 165.826764974724, 167.1318630876416, 169.08504637378476]"
Gurugram,NO,"[5.435590004174742, 5.202504355104599, 5.349452502957436, 5.381025147449518, 5.462242172793953, 5.459597556149085, 5.427785754626376]"
Gurugram,NO2,"[10.376442815533403, 9.996648859597395, 10.06758563351599, 9.997326544917636, 10.074762895594622, 10.114117682363124, 10.132886548567237]"
Gurugram,NOx,"[11.47136888905582, 10.855696622212943, 10.885917840536807, 11.058679607917306, 11.216453757343535, 11.245455188479053, 11.197171377957561]"
Gurugram,NH3,"[2.826215827860126, 2.828828728412895, 2.8320835879451187, 2.8103789215436397, 2.760088574023001, 2.751527383526811, 2.7626351202887105]"
Gurugram,CO,"[1.038641052032637, 1.0113295330631733, 0.9381709496525295, 0.9502518618413185, 1.0377137691161777, 1.0288733154244767, 1.0251463965514764]"
Gurugram,SO2,"[7.329847302389917, 7.546910867825788, 7.508783224747028, 7.55767607546557, 7.496646605574743, 7.53301138508302, 7.509272957029307]"
Gurugram,O3,"[42.05949269238571, 39.318149751876646, 38.17710171479926, 39.25066411760679, 41.23298935952344, 41.222199328996176, 41.06085035834288]"
Gurugram,Benzene,"[2.60735246403241, 2.4817187010622765, 2.5026907893567696, 2.509831647177933, 2.4957648255733655, 2.525646860471722, 2.5429198281961463]"
Gurugram,Toluene,"[4.421471242724448, 4.39564483537466, 4.316166169884418, 4.299840858012518, 4.312844827107978, 4.330496504082041, 4.335962203678206]"
Gurugram,Xylene,"[4.719749449882428, 4.725054316562857, 4.781473045080262, 4.797384879677336, 4.793960582899469, 4.777851139636216, 4.769396622222989]"
Gurugram,AQI,"[154.94795211811012, 151.5245524061208, 149.14521174621026, 148.3833481592349, 148.59202730888174, 149.55769820073994, 149.9157620004999]"
Guwahati,PM2.5,"[25.962957798204332, 24.877152533026134, 24.882801566886947, 25.5605912566516, 26.22805310916668, 28.074615969063558, 26.419955350892693]"
Guwahati,PM10,"[41.46360767041395, 35.57167508261742, 37.47689025923629, 39.330285813471264, 37.952220511688395, 40.07607956765738, 39.838830954701564]"
Guwahati,NO,"[0.9445039529534347, 1.4571929431586748, 1.4786213668732566, 1.4646544286615135, 1.4483953486544694, 1.2795192881517183, 1.2258846391105984]"
Guwahati,NO2,"[7.152841204697933, 7.350368346633902, 7.257709750870865, 6.94953692334114, 6.671478148270051, 6.708689135585487, 6.851865303136838]"
Guwahati,NOx,"[4.191193118221503, 4.5950096709929, 4.573791662294147, 4.452538744850818, 4.295051012263535, 4.190951455776295, 4.234840362922899]"
Guwahati,NH3,"[4.432267356702775, 4.08042501044112, 3.9794353370506763, 4.020170201366168, 4.024290804110214, 4.132293383347017, 4.131293207890497]"
Guwahati,CO,"[0.5756571454295771, 0.5354155179039161, 0.5118830099122813, 0.5210768898849428, 0.5031307550378511, 0.5241371042717008, 0.5361200479238473]"
Guwahati,SO2,"[16.00841339954206, 15.954263293076842, 15.940537941466228, 15.942928808995786, 15.957009724969705, 15.96076801153154, 15.957211582018148]"
Guwahati,O3,"[22.107316182387812, 22.414807042465117, 23.112357531555745, 23.60028533158919, 23.691606030789085, 23.1143186954406, 22.980978988011444]"
Guwahati,Benzene,"[-6.00049431713179e-162, -1.6001175878148013e-162, -1.2345490808356238e-162, -1.6327427440983792e-162, -1.724860676667229e-162, -1.9509202346021755e-162, -2.1341817351935614e-162]"
Guwahati,Toluene,"[6.149999866950382, 6.153359586213334, 6.1567192784059195, 6.160078965334378, 6.163438553535705, 6.16679813667246, 6.170157695129988]"
Guwahati,Xylene,"[1.1171967922678825, 1.117196770839647, 1.1171967547846016, 1.117196744091982, 1.1171967387510244, 1.1171967387509647, 1.117196738750925]"
Guwahati,AQI,"[37.616342425864545, 38.835071790390046, 37.7435643218909, 39.250820082264084, 39.18124425545329, 38.3329799077446, 38.18636194409908]"
Hyderabad,PM2.5,"[25.37950798342327, 22.878648773588242, 21.862490083410247, 22.160890309889474, 22.590920693607025, 23.35891482181807, 23.359718877248078]"
Hyderabad,PM10,"[63.1919595920468, 59.23892905281292, 55.27289115313392, 54.67121634086973, 54.14044697671245, 55.84701796430717, 56.63618253328419]"
Hyderabad,NO,"[3.917045060777352, 4.292837715394239, 4.228671094796935, 3.93741146992057, 3.6984587847176744, 3.705598803680829, 3.8448632709538035]"
Hyderabad,NO2,"[26.59417956703027, 25.899593669927956, 25.855894141963798, 25.853443918716682, 25.90199223383718, 26.047865906817687, 26.07178400903863]"
Hyderabad,NOx,"[16.04877699869008, 15.823225310068109, 15.795680705020093, 15.844427283308757, 15.76087699879499, 15.819591470463186, 15.846748540164572]"
Hyderabad,NH3,"[9.664210832462999, 10.085770869529792, 10.301058666086938, 10.456196200192828, 10.368983937072226, 10.216724853726046, 10.175696701008759]"
Hyderabad,CO,"[0.4224567659428296, 0.41845279110680883, 0.41791166615717246, 0.41988027319454285, 0.4234565535945284, 0.4220881382430746, 0.421402551071034]"
Hyderabad,SO2,"[5.90755965813121, 5.8696084652778255, 5.942141022653397, 5.954096308230824, 5.8623440363465855, 5.896464388492013, 5.9010402380449305]"
Hyderabad,O3,"[15.725949044158058, 17.2536991077454, 17.237781653697883, 17.1822164353379, 16.887532213856513, 16.5836128594862, 16.65948008361134]"
Hyderabad,Benzene,"[1.2183267349867546, 1.1898506117380854, 1.1710848415190005, 1.2041427781822152, 1.2353278485094026, 1.2360527706455353, 1.2275418765058257]"
Hyderabad,Toluene,"[14.468461313851302, 12.99187852788032, 12.136493863403581, 12.162173323280925, 12.50730932865275, 13.084317588583342, 13.229491534206261]"
Hyderabad,Xylene,"[2.192155499170825, 2.045617636217396, 1.937040631436314, 2.1295616991874184, 2.2010408230843383, 2.2444152662681427, 2.2060136856245967]"
Hyderabad,AQI,"[49.313975970641316, 50.17738833306616, 49.406030750176015, 48.65955613609667, 48.37662827379847, 48.58243101757774, 48.86309855201125]"
Jaipur,PM2.5,"[45.897758169568576, 39.7873753947779, 37.42570131139501, 37.00429773438611, 39.34669091838146, 42.85556187542615, 42.05675775682459]"
Jaipur,PM10,"[95.49621013631246, 86.97348472369411, 84.29265436682871, 84.98353318740408, 85.33817682310803, 88.05625540583813, 87.98620752691264]"
Jaipur,NO,"[5.493532270708493, 5.657199980619034, 5.664849431746114, 5.655259661860375, 5.588957761921286, 5.543949416221567, 5.560242957519375]"
Jaipur,NO2,"[11.407278582120783, 11.712200457347578, 12.179156264525849, 12.431198326975988, 12.291688589178703, 12.184904707234313, 12.131284434066957]"
Jaipur,NOx,"[15.182133647471346, 15.995919446212069, 16.366751978881624, 16.624479554079922, 16.451394502460538, 16.10173096196448, 15.994735435409181]"
Jaipur,NH3,"[18.9512197598279, 19.70572346251177, 19.821363130446557, 20.178129290335534, 19.978536201738613, 19.522088315092606, 19.456213830475587]"
Jaipur,CO,"[0.5660669427625995, 0.5742229542358092, 0.5655271475220548, 0.5577553566948462, 0.5797638649300588, 0.5719746680193722, 0.5702663026603347]"
Jaipur,SO2,"[6.9786032667677524, 7.87058940595789, 8.247050917641468, 7.891327822747819, 7.950028700779003, 7.681684933778997, 7.74628952681218]"
Jaipur,O3,"[49.545924426146556, 46.405726143194194, 45.31762421771831, 46.06970891752297, 47.36975293240396, 47.96288594799233, 47.71437005789694]"
Jaipur,Benzene,"[0.2578854319110082, 0.25091116358642296, 0.26224927338807436, 0.25703432546425103, 0.2854187783196283, 0.2713063568215324, 0.2682417949591496]"
Jaipur,Toluene,"[0.5487652397346349, 0.637696220977372, 0.5058422455665794, 0.6149355787590017, 0.6676313010037562, 0.6281061498746375, 0.6333974838226888]"
Jaipur,Xylene,"[2.8224039142095623, 2.8224039148991866, 2.8224039154161726, 2.8224039157606757, 2.822403915932851, 2.8224039159328536, 2.8224039159328553]"
Jaipur,AQI,"[85.43667231390629, 83.39871026083478, 80.18892233524599, 77.7948109967191, 78.67598945610632, 78.43482679731699, 79.80484924378624]"
Jorapokhar,PM2.5,"[45.168334984009455, 44.810568874708565, 44.719260194901196, 44.77794866288068, 44.89436424161731, 44.96803941891299, 44.95285201789748]"
Jorapokhar,PM10,"[96.26197308836542, 90.88113495708026, 88.2844469310075, 86.77520342871776, 86.40782233121276, 89.11813720839248, 90.2278957216008]"
Jorapokhar,NO,"[22.081714863836197, 22.06561999509417, 22.299630264460156, 22.41538327723431, 22.579987219213717, 22.416839517618254, 22.42385212166482]"
Jorapokhar,NO2,"[15.48280101336205, 15.245099441998267, 14.799804361994084, 14.53796450848911, 14.04486293683765, 13.786265184707654, 13.86322884422965]"
Jorapokhar,NOx,"[99.98998044602236, 100.06333310472913, 100.13666732766838, 100.21001167003617, 100.28333734352333, 100.35667255032972, 100.42999234371099]"
Jorapokhar,NH3,"[7.797337454580109, 7.964836171006635, 8.033119499361426, 7.944505930726871, 7.869734462092751, 7.918541795316127, 7.935861177423099]"
Jorapokhar,CO,"[1.7167308163019943, 1.7059141600696122, 1.7201200650906985, 1.7102832151547556, 1.7104007967834332, 1.7068812762958017, 1.7088166424334852]"
Jorapokhar,SO2,"[15.115950035697185, 15.717781646767447, 16.43712902970642, 17.672113800119757, 17.96758228921869, 17.150501557281363, 17.056672752830174]"
Jorapokhar,O3,"[41.65818420033274, 49.507090549715734, 48.58384556415078, 44.693756137280424, 41.46584303706818, 40.03563646147643, 42.02678565795461]"
Jorapokhar,Benzene,"[4.099519876212977, 4.1028357083177855, 4.106151528612278, 4.109467362355682, 4.112783181603997, 4.1160990119332626, 4.119414834792186]"
Jorapokhar,Toluene,"[2.1518131506241328e-06, -0.0003896045700497959, -0.0007799246551064841, -0.0011707917135012928, -0.0015600238494628185, -0.0019497526389484286, -0.002338063840715482]"
Jorapokhar,AQI,"[115.37032336784765, 134.01167296181893, 136.6484157280923, 135.88915486097522, 131.49388605250675, 122.78089148666729, 121.04704887828865]"
Kochi,PM2.5,"[11.693365425695044, 10.718710441000688, 13.543022159401819, 14.081793778145295, 12.780169693589691, 12.3658851960282, 12.078536485980926]"
Kochi,PM10,"[18.4489301564616, 16.9208502247565, 21.883920195710353, 26.53322659687862, 23.366852316576686, 22.390924528425995, 21.054840297059467]"
Kochi,NO,"[14.417636045900291, 17.30404455408018, 18.38308776078257, 18.13149152234371, 17.739464166902508, 17.50874358923268, 17.447696356860618]"
Kochi,NO2,"[2.487124439512083, 2.4977775521745555, 2.5087855891643693, 2.5155441228718223, 2.5190640742515975, 2.5160568106656918, 2.517367759467864]"
Kochi,NOx,"[14.938345972037613, 17.841566083941924, 18.654885021672605, 17.95017427850543, 17.333096531768604, 17.324556680161386, 17.55355945571037]"
Kochi,NH3,"[2.4254117224381377, 2.395850207957205, 2.3955687734795785, 2.402998683070677, 2.4046443486726794, 2.4033547315859156, 2.402538694075025]"
Kochi,CO,"[1.8181274670635688, 1.7646831520660842, 1.7087024600518137, 1.7217285348377702, 1.7099579486568244, 1.7555030798670885, 1.7645472089464784]"
Kochi,SO2,"[20.801837240559383, 20.77308025982092, 20.87066451428155, 20.762935904628065, 20.76526707983345, 20.765929542794858, 20.77237383242633]"
Kochi,O3,"[1.0633978342621262, 1.0113656033866576, 1.0126308181376678, 1.016331262920817, 1.0392859449283216, 1.044257199808619, 1.0419268047775523]"
Kochi,Benzene,"[4.633368355756947, 4.6333683666525864, 4.633368374798385, 4.633368380211636, 4.633368382909632, 4.633368382909666, 4.633368382909688]"
Kochi,Toluene,"[0.013092715962680964, 0.007803792560496713, 0.006078259627782933, 0.003995196317194354, 0.00706278848565986, 0.007049999701048897, 0.006828575982148168]"
Kochi,Xylene,"[3.0642348016242726, 3.064234802250646, 3.0642348027189352, 3.0642348030301347, 3.064234803185238, 3.0642348031852404, 3.0642348031852418]"
Kochi,AQI,"[99.37101028103477, 95.05995946706673, 92.60618522786925, 92.50597871152728, 93.44553834050824, 94.77637300348381, 95.12817417033075]"
Kolkata,PM2.5,"[9.43938699896834, 9.211570327510326, 9.90376856601296, 10.707092502053756, 11.005136056010102, 10.86606700719299, 10.578735035201266]"
Kolkata,PM10,"[29.98623879288483, 28.542487874836414, 28.626197081352338, 29.68175079217149, 30.383353297354862, 30.575747435967266, 30.350815064286863]"
Kolkata,NO,"[6.207250307390276, 6.071949118320345, 5.991745884141654, 5.952691360776146, 6.017335742909539, 6.057152660750159, 6.0770605242005615]"
Kolkata,NO2,"[10.072833421575416, 10.596198116788406, 10.907127844804162, 11.500682390066496, 11.507480622354226, 11.218404532956825, 11.02977224993438]"
Kolkata,NOx,"[15.893520685162244, 16.266553619363496, 17.009436721770335, 17.532449329711564, 17.426919716052527, 17.13971751901452, 16.925242306529576]"
Kolkata,NH3,"[11.9959492683681, 11.085787293406035, 10.577163206571969, 10.850396073176329, 10.96298053193699, 11.073700701343386, 11.033080562560754]"
Kolkata,CO,"[0.31461150035344826, 0.32778000123230033, 0.33711641141544113, 0.34571263030820415, 0.3430489559644199, 0.3375164233165548, 0.33580666061544234]"
Kolkata,SO2,"[4.6565506824199, 4.660029397951226, 4.580661469540814, 4.64076203828783, 4.680905397854675, 4.660373200196731, 4.661634918490792]"
Kolkata,O3,"[17.604687875838078, 19.779001426811067, 21.36500024161238, 21.860250025825888, 21.467702899426566, 20.596113329802012, 20.348535351455624]"
Kolkata,Benzene,"[1.7730594803638458, 1.7976701401503008, 1.7660936383524173, 1.9572537229620686, 2.0093611486645346, 1.969968624278049, 1.9397080371894158]"
Kolkata,Toluene,"[10.244282134400809, 10.23233413970382, 10.424434218300833, 10.326138563854538, 10.332021375804239, 10.309053521917308, 10.332415887730933]"
Kolkata,Xylene,"[0.1973300785333842, 0.23265037459972462, 0.2534503840997366, 0.2570639746958356, 0.25153914921022175, 0.23867399001337097, 0.23278572170498024]"
Kolkata,AQI,"[43.189438357617725, 42.33863358013968, 43.05364458319488, 44.01991990385723, 44.49896964034363, 44.46207928185629, 44.08301062471488]"
Lucknow,PM2.5,"[35.53391870533896, 34.97892677289775, 35.128724273587295, 34.589807722067185, 35.046971027835575, 35.00497482885416, 35.062657564693964]"
Lucknow,PM10,"[48.3892362979502, 48.38923632667741, 48.38923634821748, 48.38923636257398, 48.38923636975049, 48.389236369750584, 48.38923636975065]"
Lucknow,NO,"[9.078108501952697, 9.14149161490597, 9.264270814650732, 9.428208636569591, 8.83391650612923, 8.837723756185385, 8.981473313417862]"
Lucknow,NO2,"[15.828698651895154, 16.221636522915574, 15.745549412033224, 15.898850523978421, 15.536760278742229, 15.490334134208391, 15.576170119478132]"
Lucknow,NOx,"[10.087525283922904, 12.592307245055736, 13.46711709067922, 13.482893156071299, 12.522008804810673, 11.55952973758604, 11.618294177320575]"
Lucknow,NH3,"[11.740646468571605, 11.729084833191033, 11.725374563562468, 11.721842475023601, 11.729027149664446, 11.731432042930988, 11.73124382738998]"
Lucknow,CO,"[0.7845973378164594, 0.769621897472533, 0.7716831772966879, 0.766722219648393, 0.7594285270272665, 0.7630894244754457, 0.7670352919915908]"
Lucknow,SO2,"[5.809180097223043, 5.777394488768293, 5.471688564492078, 5.399599690412953, 5.2424609650094345, 5.323567533229406, 5.335328752146612]"
Lucknow,O3,"[37.416887178166625, 39.2171183785618, 40.75061469047437, 40.71546667842737, 40.760355935892875, 40.33997532610049, 40.09300794095139]"
Lucknow,Benzene,"[5.543360317670479, 4.653963447234774, 5.058307901552859, 2.867637820001518, 3.0311160319915116, 2.939155429594715, 3.0521098471248473]"
Lucknow,Toluene,"[2.0879395802342273, 2.432130078214373, 2.5175210461481305, 2.5628134598140355, 2.6405674549331604, 2.656079379869384, 2.6485854532079984]"
Lucknow,Xylene,"[8.955183912611866e-05, 8.955151909126694e-05, 8.955127912462047e-05, 8.955111918633685e-05, 8.955103923657454e-05, 8.955103923549078e-05, 8.955103923476794e-05]"
Lucknow,AQI,"[75.7792193526984, 75.34267615223717, 74.70297199285054, 73.43302545305384, 73.32911962142553, 73.83576877339874, 74.11319071725005]"
Mumbai,PM2.5,"[6.755274928551417, 8.597487203515426, 9.044622767322796, 8.317666574062565, 7.269157167898516, 6.840387558667935, 7.051563725246708]"
Mumbai,PM10,"[20.36516865090758, 28.948639062364197, 32.23869607711153, 31.133453388571567, 27.084046987697604, 23.80657643228899, 23.2682164146219]"
Mumbai,NO,"[27.48280956907626, 27.311062382741582, 27.316794484991078, 27.19917569488583, 27.128973329698525, 27.186433037061054, 27.207061834936663]"
Mumbai,NO2,"[6.095055585974569, 6.759803701488624, 7.088557540844824, 7.265470125763222, 7.043174201228701, 6.758709848938456, 6.70189675372137]"
Mumbai,NOx,"[33.7114142820005, 34.05056940218254, 33.98243021286823, 33.848446946180474, 33.76511601508194, 33.76434596764705, 33.80718626151591]"
Mumbai,NH3,"[23.74873955480875, 24.13360887369043, 23.9207617240674, 23.67216380363293, 23.494556703087493, 23.551024849928314, 23.618449205278896]"
Mumbai,CO,"[0.3787981189099901, 0.38341233578250744, 0.3834340712682594, 0.38217856801064315, 0.37961780085901015, 0.3785078145964021, 0.3786937706706216]"
Mumbai,SO2,"[13.475387326421297, 14.071545742640092, 14.388261021633546, 14.716178093554847, 14.923854530959254, 15.108941537110574, 15.29770210722]"
Mumbai,O3,"[6.62280957291839, 6.581631630252697, 6.5405576177510225, 6.489770118803735, 6.5191278465914895, 6.529284658855792, 6.533671048551769]"
Mumbai,Benzene,"[0.7712356161533203, 0.7789430490669149, 0.7511582382059449, 0.7311077835354748, 0.739926621200239, 0.7458709475218291, 0.7503921768897868]"
Mumbai,Toluene,"[0.29310870410137546, 0.29364612492611764, 0.29415411329539803, 0.29438294046773894, 0.2940310435468053, 0.29351616992002627, 0.29345552154991117]"
Mumbai,Xylene,"[0.0015291989213942663, 0.0016027935730465702, 0.0015145737754845097, 0.0015538516697586107, 0.0013561462717170524, 0.0013066503574087663, 0.0014289099208541227]"
Mumbai,AQI,"[54.14867993784598, 56.38793228219406, 57.53923233513273, 56.82283756779116, 56.08147729830712, 55.457189649710905, 55.279852274449716]"
Patna,PM2.5,"[30.924924623237573, 27.697274473555026, 27.399109292836314, 27.386550448746178, 28.112399367308896, 28.877816105264504, 28.847017799496356]"
Patna,PM10,"[55.07379706395885, 57.9784513324319, 55.531678800473635, 54.37261681797142, 55.889726524020595, 55.84387088098555, 55.956950344919825]"
Patna,NO,"[37.60604690587823, 34.18775073504632, 35.72934987034389, 37.61869336135826, 38.02353718735722, 38.391421521998275, 37.90192351054715]"
Patna,NO2,"[29.16398016716728, 27.701835439519037, 27.237746984746025, 26.99574749179945, 27.102274332848374, 27.51770863616421, 27.662890850836312]"
Patna,NOx,"[50.664218640442726, 46.73625357019195, 47.44481930929981, 48.58132155711923, 49.09105847249179, 49.79028585171743, 49.54173925134794]"
Patna,NH3,"[1.3333188580107025, 1.4002828138961554, 1.4523360993113557, 1.508223294945442, 1.4907018514553156, 1.4625219422707143, 1.4557622598517466]"
Patna,CO,"[0.813469255558849, 0.8251931904778801, 0.8125489094897675, 0.8238063265526585, 0.822651403418821, 0.8216528876697001, 0.8201042321776731]"
Patna,SO2,"[3.852374229257021, 3.8412103861841143, 3.855382622163952, 3.8607121300898215, 3.868076176844953, 3.86703754798026, 3.862610263049351]"
Patna,O3,"[23.8547061900656, 23.32041070497204, 22.80430941850341, 22.395114550132174, 22.554545487778107, 22.964068615995476, 22.990012138285316]"
Patna,Benzene,"[1.638747890228797, 1.5374409230550943, 1.5006932698419955, 1.494110942925639, 1.528468108916127, 1.5597757611418206, 1.5672860963215247]"
Patna,Toluene,"[5.181714095980013, 4.62821622420923, 4.072926661476578, 4.499480017259189, 4.61956305688698, 4.752041699135873, 4.844967507570975]"
Patna,Xylene,"[2.0918103069756517, 1.994074077749945, 1.9561369986016799, 1.9503091345040282, 1.9721982391776507, 1.992842003466368, 1.9964000907219501]"
Patna,AQI,"[92.64836977289276, 89.05378382777548, 89.27104572671215, 90.4378006700516, 91.17961668846316, 91.48663800672355, 91.2055546121848]"
Shillong,PM2.5,"[13.290336200868609, 11.556658051833788, 12.575921016238771, 12.931828260486512, 12.971275208866816, 13.444718546600877, 13.472174835092648]"
Shillong,PM10,"[26.50562058335915, 19.74070993592846, 19.31138904816573, 20.707644239715407, 21.059857220466007, 21.809494909569114, 22.716869473655674]"
Shillong,NO,"[1.0037294477878893, 1.0105520675654456, 1.0173527433342888, 1.0158148380927325, 1.0090109018640432, 1.006846064478805, 1.0088690814435055]"
Shillong,NO2,"[2.7710650660550726, 2.835774246024873, 2.877343048775789, 2.8706962635835116, 2.844874150455729, 2.8266992896872125, 2.8279011170128676]"
Shillong,NOx,"[1.04305052802187, 1.054300512955079, 1.0604653896467853, 1.0650551136790696, 1.0693630102848999, 1.0691156370429866, 1.06759857460086]"
Shillong,NH3,"[2.795336151575827, 2.856220443752857, 2.8937856348707696, 2.8954054488733543, 2.877129627990378, 2.8535013669938953, 2.855153248255463]"
Shillong,CO,"[0.11999978145654983, 0.1474888486056562, 0.14704423217783935, 0.1432743928126693, 0.15341546716445895, 0.1427560203292364, 0.1384953354706838]"
Shillong,SO2,"[4.245301398830032, 4.255790155823763, 4.256724689932453, 4.2927094793738165, 4.354658314511735, 4.361118583325295, 4.357332468992009]"
Shillong,O3,"[18.19789640054028, 16.33334019360257, 17.813656310373197, 17.705888987482727, 16.304476634260787, 16.44625276771067, 16.905294324097376]"
Shillong,Benzene,"[-0.003138153079513175, -0.0007354816364153502, 0.0024217870059854716, 0.002484741309469195, 0.0021247020853765847, 0.0017562419110032056, 0.0017650379865038644]"
Shillong,Toluene,"[-0.0049814616926687726, 0.00831388048438303, 0.027525810885759536, 0.02867001702175221, 0.02657618585294598, 0.024348619166291934, 0.024320543209808122]"
Shillong,Xylene,"[2.309539211279048, 2.310084673767966, 2.310629001230608, 2.311173583011449, 2.311718288679285, 2.312262660198304, 2.312806939702575]"
Shillong,AQI,"[26.70126387922077, 28.033453267971876, 27.34481959000363, 26.63695535545022, 26.525202571209068, 26.67804006168693, 26.80918098339443]"
Talcher,PM2.5,"[22.586710416287374, 22.33491041352494, 23.00312512333372, 22.45610613688152, 21.93882369583101, 22.427084405097233, 22.400436461122833]"
Talcher,PM10,"[29.959714446342527, 28.27268161024693, 28.359890260381597, 28.535180583987238, 27.97687958942628, 28.269346525166306, 28.535914093385347]"
Talcher,NO,"[22.917105986391128, 20.218241590237497, 20.314928737974757, 20.937177567123403, 21.050054979298594, 22.211166431597178, 22.11778359110817]"
Talcher,NO2,"[26.716456253760427, 25.049421372323973, 24.320445593481807, 24.969622885585235, 25.896088394509754, 26.023890015316237, 25.713878807225733]"
Talcher,NOx,"[48.71446507889817, 41.37258415634002, 34.47944624515098, 33.78937367539085, 37.75268833515809, 40.93185891937393, 41.73191016021354]"
Talcher,NH3,"[2.1432172601862938, 2.138340555759023, 2.652287398729835, 2.8553127934084683, 2.823835381433742, 2.778020373144678, 2.743700178251567]"
Talcher,CO,"[1.4777152903923028, 1.4567347645813458, 1.4790123615988013, 1.4685543579533151, 1.4640655813866297, 1.4684257355478627, 1.4677316233856226]"
Talcher,SO2,"[15.605026039408154, 15.717672033877745, 15.635800468504817, 16.081972805491894, 16.058285806828707, 15.873077723752361, 15.84751687372718]"
Talcher,O3,"[23.848195316909276, 27.47955371910808, 30.210844383029986, 32.09114134723894, 31.0953052882365, 28.291964069616434, 28.094419291651846]"
Talcher,Benzene,"[0.0, 0.0, 0.0, 0.0, 0.0, 0.0, 0.0]"
Talcher,Toluene,"[4.704049364823191, 4.710973408586468, 4.717881997328177, 4.7247610926768795, 4.731609790222864, 4.738429526007693, 4.745237995758734]"
Talcher,Xylene,"[2.813798908365641, 2.8143439659298832, 2.814889005751227, 2.815434030668795, 2.815979047727853, 2.8165240287945883, 2.817068991694672]"
Talcher,AQI,"[102.63522982881577, 99.42086828500685, 98.52722561373973, 98.37566949815798, 97.75909542687684, 98.1852916162089, 98.7129175297485]"
Thiruvananthapuram,PM2.5,"[5.169285914681793, 8.042316122880393, 9.580580051254389, 11.832360144749746, 12.079504064212347, 10.574085536606484, 9.965043157711062]"
Thiruvananthapuram,PM10,"[34.92613783110594, 35.62651326678787, 37.05899771399325, 38.38355064359491, 38.68324672319782, 38.030536598587666, 37.53582229047784]"
Thiruvananthapuram,NO,"[3.427171035573846, 5.054177584839311, 3.5089717653761285, 3.9373033574236684, 4.718186145411342, 4.103437632559492, 4.042848998340994]"
Thiruvananthapuram,NO2,"[5.721965339418292, 6.647541281968618, 6.3067898425575475, 6.969446538315297, 7.225839995068656, 6.256107946245917, 6.357220489356535]"
Thiruvananthapuram,NOx,"[6.594629244809372, 8.242591542656344, 6.787473538990151, 7.988806172349143, 8.568923871200806, 7.337331057826557, 7.494386031279802]"
Thiruvananthapuram,NH3,"[5.584889453896549, 5.642426503834762, 5.653328495023195, 5.648545434208226, 5.659397862258777, 5.660011206801928, 5.6564686339204036]"
Thiruvananthapuram,CO,"[0.4339645019424205, 0.44536169184069274, 0.4667457567728964, 0.49602833059956486, 0.5010106365860143, 0.4924528410898532, 0.4858267427484571]"
Thiruvananthapuram,SO2,"[7.074479898769309, 7.385592064946179, 7.401656303252961, 7.54837730633856, 7.502853702907375, 7.238692747254955, 7.317403872726606]"
Thiruvananthapuram,O3,"[23.74586461580479, 24.405888293846807, 24.377583093350676, 24.393512580917175, 24.394397113308568, 24.2306974466609, 24.242624457052827]"
Thiruvananthapuram,Benzene,"[6.429998849532661, 6.4357746475351965, 6.441550099804593, 6.447325319798655, 6.453100367262469, 6.458874573423273, 6.464648525604202]"
Thiruvananthapuram,Toluene,"[12.49999324464588, 12.507000277332951, 12.514002191570507, 12.521006060263433, 12.528004888385446, 12.535004638001686, 12.542001163354048]"
Thiruvananthapuram,AQI,"[41.89740888201086, 42.12107083876503, 42.42129711020464, 42.850196548978275, 42.3108190989596, 42.213866808366724, 42.22509991243203]"
Visakhapatnam,PM2.5,"[15.18301675637289, 15.442424051765059, 16.25715599044149, 16.757741091467704, 16.59668549224177, 16.398267772794572, 16.31448288130894]"
Visakhapatnam,PM10,"[60.68027122967476, 60.67182271496938, 62.528453824940534, 61.60064101321324, 61.023202417149676, 61.53445393203293, 61.34964156092948]"
Visakhapatnam,NO,"[2.005910744324222, 3.0574203012111596, 3.035447909891192, 2.7647533192232783, 2.8387484394891684, 2.505199523986554, 2.5338245866572633]"
Visakhapatnam,NO2,"[26.333916945239917, 26.297988124200927, 26.54055603253997, 27.01079956241304, 27.241292973764416, 27.116315806967727, 26.967164453380267]"
Visakhapatnam,NOx,"[15.006053130568475, 16.035935328573803, 16.2991187174821, 16.36090062758088, 16.539162031681176, 16.121102503859813, 15.998936783634246]"
Visakhapatnam,NH3,"[6.573686675194293, 6.827843967806042, 7.402411380150967, 7.565034090682607, 7.687597961918326, 7.447964539722703, 7.407894935664463]"
Visakhapatnam,CO,"[0.5504676772974064, 0.5408590651833763, 0.5425924549926828, 0.5380710484958868, 0.5364160827072468, 0.5443439795762928, 0.5432707289597196]"
Visakhapatnam,SO2,"[4.855429218981481, 5.981935364956524, 7.117226720129425, 6.563406541046441, 6.7403457446401305, 6.0068502553835685, 6.052540712738062]"
Visakhapatnam,O3,"[17.793374351465367, 18.934594810308138, 20.211684078213114, 21.185044027508987, 22.315592280167497, 21.60621908862622, 21.083593638964356]"
Visakhapatnam,Benzene,"[0.18937090442880786, 0.3267794778679005, 0.30057964939547466, 0.2485973520298792, 0.23353742833515634, 0.22514881096063927, 0.23006513768226758]"
Visakhapatnam,Toluene,"[0.7871603105579951, 2.375078297757205, 1.9195836866901295, 1.4328711851587979, 1.2672707694491003, 1.2359612837295562, 1.2183941363965707]"
Visakhapatnam,Xylene,"[0.18287411251681504, 0.1841542177635384, 0.15627708400916718, 0.12038770948514399, 0.12278886395850923, 0.12591700357202534, 0.1356292876020631]"
Visakhapatnam,AQI,"[52.04492559325339, 51.737353596191795, 53.10256272538461, 54.41303854015656, 54.327124469800935, 53.70589636594394, 53.544309477217894]"
